fname,lname,output,flag,username,timestamp
,,,,,2023-01-25 12:06:49.780080
kki,ki,Hello ðŸ‘‹: kki ki!,,,2023-01-25 12:06:56.743484
kki,ki,Hello ðŸ‘‹: kki ki!,,,2023-01-25 12:06:57.374767
kki,ki,Hello ðŸ‘‹: kki ki!,,,2023-01-25 12:06:57.636631
kki,ki,Hello ðŸ‘‹: kki ki!,,,2023-01-25 12:06:58.204112
kki,ki,Hello ðŸ‘‹: kki ki!,,,2023-01-25 12:06:58.398474
20,198.0,,,2023-01-25 12:09:07.465699
20,198.0,,,2023-01-25 12:09:07.790749
20,198.0,,,2023-01-25 12:09:08.069051
20,198.0,,,2023-01-25 12:09:08.256030
